<?xml version="1.0" encoding="utf-8"?>
<appengine-web-app xmlns="http://appengine.google.com/ns/1.0">
	<application>choujone</application>
	<version>3</version>
   <static-files>  
   		<include path="/**.jpg" expiration="365d"/>
		<include path="/**.png" expiration="365d"/>
        <include path="/**.gif" expiration="365d"/>
        <include path="/**.ico" expiration="365d"/>
        <include path="/**.css" expiration="365d"/>
        <include path="/**.js" expiration="365d"/>
        <include path="/**.jsp" expiration="1d"/>
   </static-files>
	<!-- Configure java.util.logging -->
	<system-properties>
		<property name="java.util.logging.config.file" value="WEB-INF/logging.properties"/>
		<property name="file.encoding" value="UTF-8"/> 
		<property name="DEFAULT_ENCODING" value="UTF-8"/> 
	</system-properties>
	<sessions-enabled>true</sessions-enabled>
	<!-- bound mail 
	<inbound-services>
  		<service>mail</service>
	</inbound-services>-->
</appengine-web-app>