<!-- Indices written at Thu, 1 Mar 2012 04:23:51 UTC -->

<datastore-indexes>

    <!-- Used 1 time in query history -->
    <datastore-index kind="Blog" ancestor="false" source="auto">
        <property name="isVisible" direction="asc"/>
        <property name="count" direction="desc"/>
    </datastore-index>

    <!-- Used 1 time in query history -->
    <datastore-index kind="Blog" ancestor="false" source="auto">
        <property name="isVisible" direction="asc"/>
        <property name="sdTime" direction="desc"/>
    </datastore-index>

</datastore-indexes>
